RUBRO,CATEGORIA,SUB CATEGORIA,NOMBRE COMERCIAL,ESPECIFICACIONES GENERALES,MAQUINA,DISPONIBILIDAD,POTENCIA (W),MODO,MATERIALES,ESPESOR SOLD. (mm),VOLTAJE,GARANTÍA,MEDIDAS (mm),TIPO MEDIDA,PESO (kg),MATERIALES Y ESPESORES,APLICACIONES TÍPICAS,REQUERIMIENTOS DE INSTALACIÓN,FOB SHANGHAI (USD) 🔵,SEÑA,COSTO C/IVA (int),VENT SIN IVA,VENT CON IVA,RESTANTE,MENSAJE WHATSAPP,URL FICHA PDF
METALURGICA,SOLDADORA LASER,,,,,POR PEDIDO,,,,,,,,Empaque,,,,,,,,,,,,
METALURGICA,SOLDADORA LASER,,,,,POR PEDIDO,,,,,,,,Empaque,,,,,,,,,,,,
METALURGICA,SOLDADORA LASER,,,,,POR PEDIDO,,,,,,,,Empaque,,,,,,,,,,,,
METALURGICA,SOLDADORA LASER,,,,,POR PEDIDO,,,,,,,,Empaque,,,,,,,,,,,,
METALURGICA,SOLDADORA LASER,,,,,POR PEDIDO,,,,,,,,Empaque,,,,,,,,,,,,
METALURGICA,SOLDADORA LASER,,,,,POR PEDIDO,,,,,,,,Empaque,,,,,,,,,,,,
METALURGICA,SOLDADORA LASER,,,,,POR PEDIDO,,,,,,,,Empaque,,,,,,,,,,,,
METALURGICA,SOLDADORA LASER,,,,,POR PEDIDO,,,,,,,,Empaque,,,,,,,,,,,,
METALURGICA,SOLDADORA LASER,,,,,POR PEDIDO,,,,,,,,Empaque,,,,,,,,,,,,
METALURGICA,SOLDADORA LASER,,,,,POR PEDIDO,,,,,,,,Empaque,,,,,,,,,,,,